round,AUC_Mean_Train,AUC_STD_Train,AUC_Mean_Val,AUC_STD_Val,AUC_Mean,AUC_STD
0,0.9464053275428276,0.056795884748569815,0.45699114178045314,0.26399133270396297,0.39074870912220305,0.22751609645980733
1,0.9304985730547439,0.0458081156942952,0.7300347477120345,0.2580981241294024,0.28237752597692356,0.22729646201146872
2,0.9881530865661987,0.011426988466859793,0.8060741202956003,0.1976320020858298,0.2837261745394276,0.20715909728395687
3,0.9333444970150963,0.0318069742916356,0.8060741202956003,0.1976320020858298,0.2837261745394276,0.20715909728395687
