round,AUC_Mean_Train,AUC_STD_Train,AUC_Mean_Val,AUC_STD_Val,AUC_Mean,AUC_STD
0,1.0,0.0,0.048502244530757764,0.057017430574530584,0.46179292288825535,0.07497023911635604
1,0.9045748471892278,0.10249842652884626,0.0477991119538981,0.056856055664650317,0.429885688127301,0.07865091505914293
2,0.9570612298966952,0.05577527323348967,0.1442366187783703,0.09756294685463218,0.5002380569467685,0.07527694327462904
