round,AUC_Mean_Train,AUC_STD_Train,AUC_Mean_Val,AUC_STD_Val,AUC_Mean,AUC_STD
0,1.0,0.0,0.048502244530757764,0.057017430574530584,0.46179292288825535,0.07497023911635604
1,0.9154044358994398,0.0963744933310273,0.3422727984846111,0.12835516183887835,0.6551248139920719,0.05882719228912546
2,0.9570612298966952,0.05577527323348967,0.1442366187783703,0.09756294685463218,0.5002380569467685,0.07527694327462904
