seed,num_train,auc_test_mean,auc_test_std
42,264,0.4591671153190011,0.09987257190517183
123,264,0.5108338674888873,0.10287886859975875
456,264,0.49307920710569575,0.09645607714688904
789,264,0.6993683173323061,0.10247715316614607
1011,264,0.4807542130855031,0.10324447927733942
full_data,2644,0.4812335889597213,0.09957072580916469
