round,AUC_Mean_Train,AUC_STD_Train,AUC_Mean_Val,AUC_STD_Val,AUC_Mean,AUC_STD
0,0.9474160945842869,0.10183773820793214,0.32480158730158737,0.3516425129923533,0.7065713101160863,0.28356918472291653
1,0.9002367572737943,0.1000644490390594,0.0,0.0,0.3965588723051409,0.2841868242706318
