round,AUC_Mean_Train,AUC_STD_Train,AUC_Mean_Val,AUC_STD_Val,AUC_Mean,AUC_STD
0,1.0,0.0,1.0,0.0,0.7818647843276095,0.22969739756167892
1,1.0,0.0,0.9305731922398589,0.13086497053473906,0.7322970142208062,0.26400785637156976
