seed,num_train,auc_test_mean,auc_test_std
42,264,0.5905678417038115,0.08913065220629916
123,264,0.7286668981297333,0.07241742014119826
456,264,0.6044336522152315,0.08384636161162984
789,264,0.5839852793201661,0.08524527590195817
1011,264,0.676967495570221,0.07918552949955958
full_data,2644,0.7215066971226718,0.0765071050228731
