{
  "AUC_Train_Mean": 0.3872545485799187,
  "AUC_Train_STD": 0.04022441668716702,
  "AUC_Val_Mean": 0.30979301185568814,
  "AUC_Val_STD": 0.0638973829449759
}