seed,num_train,auc_test_mean,auc_test_std
42,264,0.6145047960175088,0.08115124639646751
123,264,0.3957066244736814,0.08209415129460583
456,264,0.5076944793376367,0.0861417107406929
789,264,0.5590279113633985,0.09073088698677721
1011,264,0.5306261626568476,0.08594890927303639
full_data,2644,0.5371175380645834,0.08647289294949773
