round,AUC_Mean_Train,AUC_STD_Train,AUC_Mean_Val,AUC_STD_Val,AUC_Mean,AUC_STD
0,1.0,1.2722261225105237e-17,0.819803042058643,0.14490317451077855,0.43578804508172536,0.2520842855531248
1,0.9688230138677336,0.03061551307094367,0.7196839136197588,0.17136839469356677,0.7136115536673158,0.18352408684583216
2,0.9686702201010506,0.023034999780853105,0.7854222028254616,0.1582920718102162,0.7084100430754706,0.18706793240273634
3,0.9868797413803571,0.010243644700892769,0.8157845989719718,0.14907427928384068,0.542188145394465,0.2557992367734349
