round,AUC_Mean_Train,AUC_STD_Train,AUC_Mean_Val,AUC_STD_Val,AUC_Mean,AUC_STD
0,0.613708644093306,0.13837377613337348,0.3622303622303622,0.3003074316379842,0.49334012658647314,0.22735537611454032
1,0.7480157694069316,0.0988404103213587,0.5492470492470493,0.3876562651895165,0.37188960135202304,0.2331309897274124
2,0.8109393330998603,0.07568440719265021,0.4562474562474563,0.3438111886989321,0.41667205156244824,0.25450410424980874
3,0.8036087755577737,0.07299189206153245,0.5492470492470493,0.3876562651895165,0.4427411604864632,0.24536500677956494
4,0.8026377099489312,0.06185667680990697,0.7544770044770044,0.2640402725585073,0.39798356364118376,0.24850436415196256
5,0.801564161913722,0.05602021626395138,0.8421855921855922,0.20191326773333884,0.3307407131258906,0.2555232858545525
6,0.7980390148917486,0.053377567000287486,0.8421855921855922,0.20191326773333884,0.32991475295755046,0.25538031728957794
