round,AUC_Mean_Train,AUC_STD_Train,AUC_Mean_Val,AUC_STD_Val,AUC_Mean,AUC_STD
0,1.0,1.928757664924112e-17,0.5866440886699507,0.20147897046261976,0.5209586040797853,0.25397605005390606
1,0.9929457350657669,0.012364879275657983,0.4518513957307061,0.20312547749816448,0.5780497365273333,0.25370351381820105
2,0.9626662394284424,0.02935954254050893,0.5372610193502689,0.1987041033309621,0.7246860149355059,0.2011944299902723
