round,AUC_Mean_Train,AUC_STD_Train,AUC_Mean_Val,AUC_STD_Val,AUC_Mean,AUC_STD
0,0.9427663764102158,0.029450972294371595,0.7598143424036281,0.14942011733234303,0.9015234446268929,0.11162288195698133
1,0.9486878135528389,0.026013553096472665,0.6482564090450995,0.16062265954933014,0.5956394818463784,0.19275409826930429
2,0.7972492386132808,0.051716077716546516,0.7647510393046109,0.1391833455339396,0.6038314176245211,0.19538779552266936
3,0.9293020591114173,0.026056839058586544,0.5860713498362308,0.15598104952885553,0.6963920817369093,0.17101469226806965
4,0.9003527537150006,0.030691366108943255,0.5693676776266062,0.16158486223003451,0.09246031746031746,0.11131022946382989
5,0.8653932697886264,0.03397962164829345,0.612000818846057,0.15566376709818172,0.2957124612297026,0.18478358490808058
6,0.7580254953531522,0.041497290272643386,0.8916583994708995,0.09183990942344993,0.09246031746031746,0.11131022946382989
7,0.8778850153769074,0.028697459609933442,0.7678453325774754,0.13509579376212957,0.09246031746031746,0.11131022946382989
