seed,num_train,auc_test_mean,auc_test_std
42,264,0.5655637856277527,0.08601271059524704
123,264,0.5466974985479766,0.09093375862361631
456,264,0.4862637410261982,0.09117906618761269
789,264,0.6161658244495398,0.08478370218903185
1011,264,0.5773556159676898,0.09141063400094922
full_data,2644,0.5452537001607318,0.09213473617625767
