seed,num_train,auc_test_mean,auc_test_std
42,264,0.9954223509505084,0.010298758832107966
123,264,0.982447378436476,0.02578780775917383
456,264,0.9557022250907862,0.04427831284605861
789,264,0.8517289140788353,0.1742246627664452
1011,264,0.9910844726534813,0.01469509418429641
full_data,2644,0.9864636152025857,0.021853270137993572
