round,AUC_Mean_Train,AUC_STD_Train,AUC_Mean_Val,AUC_STD_Val,AUC_Mean,AUC_STD
0,0.632313269422209,0.06499324163612813,0.45241474235019324,0.10304698870176275,0.8651361733106969,0.1099830371488482
1,0.7379599961867341,0.04951630023520024,0.43524053677476204,0.10415625935564253,0.8987096932934446,0.0970331796195092
2,0.7257964171592498,0.046554459835495325,0.4575817277691747,0.10379824714615996,0.886001800495281,0.10356931531205191
3,0.7389264215322311,0.038988919503881614,0.4637895695308743,0.10424750838174633,0.8177189577390179,0.13809142005058064
4,0.7423751349793815,0.038385718069604155,0.49869876709201727,0.10541627700646677,0.8265516969378555,0.1344916568143844
5,0.7705995656533563,0.03260781185669683,0.47319128630559226,0.10618044755650126,0.8270420569066507,0.1371721468640211
6,0.7848083034060603,0.02924905444740811,0.4591237947234706,0.10518802788719019,0.8406680720371794,0.13142749884231347
7,0.7947427210726248,0.027491727016609194,0.47887417431656754,0.10369074898823319,0.7973701769087927,0.14833084820650663
