round,AUC_Mean_Train,AUC_STD_Train,AUC_Mean_Val,AUC_STD_Val,AUC_Mean,AUC_STD
0,0.5,0.0,0.5,0.0,0.32723112128146453,0.18467336082936822
1,0.8376390293225481,0.1276394121081077,0.0,0.0,0.8948321891685735,0.20367547641586428
