round,Num_Labeled,Total_Data,Pct_Total_Labeled,AUC_Mean_Train,AUC_STD_Train,AUC_Mean_Val,AUC_STD_Val,AUC_Mean,AUC_STD
0,264,2644,9.984871406959153,0.849685971968811,0.027238957850511572,0.6363052701633876,0.01940867748830031,0.8233931605237039,0.07866024358021237
1,267,2644,10.098335854765507,0.7777380794467512,0.03353919486003957,0.6723198479322299,0.019567427792204512,0.8396031414418228,0.07450546038317829
