round,AUC_Mean_Train,AUC_STD_Train,AUC_Mean_Val,AUC_STD_Val,AUC_Mean,AUC_STD
0,0.631676135385757,0.09281379661228664,0.7046779999027191,0.1514682659084168,0.4715612486129203,0.24479211903906328
1,0.623477149193818,0.06843367809035988,0.6608303964790175,0.17510498616505316,0.6756591643749699,0.22129935760297972
2,0.7160977587826753,0.05283501864697499,0.7545195866442035,0.16157264842473754,0.7062665846480437,0.21524997322726205
3,0.7415908428686405,0.043596408095095206,0.7401045328522347,0.1822393112406334,0.6415743957157332,0.22917399336951697
