round,AUC_Mean_Train,AUC_STD_Train,AUC_Mean_Val,AUC_STD_Val,AUC_Mean,AUC_STD
0,0.7034743522253025,0.06285819267867607,0.535338750678334,0.15783220988024485,0.6744955120859534,0.13699935175132424
1,0.6955630906255978,0.05423541939094944,0.5488484130838297,0.1487057049490366,0.7362794040110218,0.12399169751870695
2,0.6925696605343512,0.045804528985382884,0.5479354456500289,0.14844983140729168,0.7418959147878266,0.12678915131759366
3,0.6924200583190954,0.04355856277559111,0.5428055151638485,0.1473111661024039,0.7478284530828648,0.1258362350914082
4,0.6804995344426741,0.03959443456633391,0.5559477996540497,0.14653275223180223,0.756585489102401,0.11591597979638471
5,0.7066169014089271,0.036529741602492824,0.5511239694718861,0.14445573525805255,0.6777288734957853,0.13550533547196353
6,0.7226226995622381,0.03355525983824451,0.5117307204369704,0.14624547187895479,0.6326301779919427,0.14023212297765797
