round,Num_Labeled,Total_Data,Pct_Total_Labeled,AUC_Mean_Train,AUC_STD_Train,AUC_Mean_Val,AUC_STD_Val,AUC_Mean,AUC_STD
0,264,2644,9.984871406959153,0.849685971968811,0.027238957850511572,0.6363052701633876,0.01940867748830031,0.8875161118747592,0.05923748292376784
1,267,2644,10.098335854765507,0.7963299024656392,0.03260626669275191,0.6772058876841471,0.018965517883856496,0.8000224168278676,0.09893499312836347
