round,AUC_Mean_Train,AUC_STD_Train,AUC_Mean_Val,AUC_STD_Val,AUC_Mean,AUC_STD
0,0.9839068944943945,0.01778492231134207,0.7181196157534343,0.11325709832824712,0.5459166140925888,0.11781712647061318
1,0.9538282559434395,0.0353426737512696,0.6695865472379501,0.12130488320329547,0.48370330119952076,0.12089487494126112
2,0.9217995725061212,0.03663626970094363,0.6622781759360852,0.11915602372146933,0.4243973806342687,0.11766526158335346
3,0.8449529320638985,0.046629113762252185,0.5877324688369192,0.13152860105034433,0.49843512365964715,0.11945384668870856
4,0.9075199956207807,0.034573803120390316,0.6336423637873135,0.12719160244532848,0.46432966796570946,0.1181279413171716
