round,AUC_Mean_Train,AUC_STD_Train,AUC_Mean_Val,AUC_STD_Val,AUC_Mean,AUC_STD
0,1.0,1.5546231902119453e-17,0.8001699904909534,0.146667169045299,0.9451639493654108,0.09053661503873725
1,0.968109216044299,0.033410941042913415,0.720712968631725,0.16489701138254748,0.9144141233389669,0.10966232483517259
2,0.9699680964020848,0.028666982188897364,0.7573253309712688,0.15331687178843248,0.9682477549126818,0.0627882928002401
