round,AUC_Mean_Train,AUC_STD_Train,AUC_Mean_Val,AUC_STD_Val,AUC_Mean,AUC_STD
0,0.6391701026752405,0.06412480955294511,0.7190719455087271,0.25292330397196383,0.2956777996070727,0.15271630703937175
1,0.709472460471502,0.05027833836630416,0.7190719455087271,0.25292330397196383,0.2956777996070727,0.15271630703937175
2,0.7132824093604665,0.04354280097555154,0.7190719455087271,0.25292330397196383,0.5,0.0
3,0.7347797669617201,0.04031367919357552,0.20821626223925074,0.1899308449336383,0.7043222003929273,0.15271630703937178
4,0.7279790885434103,0.037296207665300424,0.7190719455087271,0.25292330397196383,0.5,0.0
5,0.7513203742449969,0.0332745322456678,0.7190719455087271,0.25292330397196383,0.2956777996070727,0.15271630703937175
6,0.7740810906690652,0.029762392111254914,0.7190719455087271,0.25292330397196383,0.2956777996070727,0.15271630703937175
7,0.7972603471158664,0.027110322123816522,0.7190719455087271,0.25292330397196383,0.2956777996070727,0.15271630703937175
