seed,num_train,auc_test_mean,auc_test_std
42,264,0.7765869380016904,0.10655879630589656
123,264,0.7803872017114006,0.10097534658737099
456,264,0.6232382501327213,0.12493352567406449
789,264,0.806630607223642,0.09369593531982193
1011,264,0.7443982100711927,0.11052540421812057
full_data,2644,0.8521962498875929,0.07668836016574518
