round,AUC_Mean_Train,AUC_STD_Train,AUC_Mean_Val,AUC_STD_Val,AUC_Mean,AUC_STD
0,0.6620278010765692,0.06514794861164885,0.6554756252361904,0.11784583789846065,0.49724020284670684,0.11982717924681091
1,0.6473299292821976,0.05738550999094683,0.6237047774158891,0.11979556769057878,0.4992570186175981,0.12027038658662037
2,0.669900925111009,0.05013160362918664,0.6158014933794491,0.11708414211840228,0.4661944876672963,0.1206643284755542
3,0.6522134673204316,0.043895980183633956,0.5831782662978291,0.11948457307804762,0.46361183761843594,0.12161852574694375
4,0.6753206116137802,0.03947473889355608,0.6187738186424429,0.11853179585342796,0.4808680742555017,0.12264300026838866
5,0.6805579395051962,0.036893536986866,0.6249969250579787,0.11886374112168563,0.4498494843665752,0.1217747137737605
6,0.6706728798201428,0.03565615013205772,0.6136220332147141,0.11875224641246741,0.4839436039271759,0.12902285405220887
7,0.6814123568119885,0.0339386573343498,0.6164147109188469,0.11836603423331402,0.48408930420302804,0.12914256971725646
