round,AUC_Mean_Train,AUC_STD_Train,AUC_Mean_Val,AUC_STD_Val,AUC_Mean,AUC_STD
0,0.6297868837986518,0.06547108898596758,0.4584834416661726,0.17768119036914162,0.7063798421337225,0.19329749879888772
1,0.7113037785417314,0.05173279849484028,0.5679457703905495,0.1678382578603755,0.49758165276457955,0.2930746078283986
2,0.7350045767312836,0.043033523146017175,0.6032599393392566,0.16942450766589306,0.5418542408564582,0.29524255436917896
3,0.7303956860571184,0.03890722586996729,0.6123989670525816,0.1670520144142022,0.6626978527754581,0.21046309803281518
4,0.7472010576895374,0.035994303026893236,0.6401150173640133,0.1626405825445914,0.6639205645303207,0.21126002265293167
5,0.7650830263290068,0.031572599450699734,0.6205137135659223,0.16855812298523656,0.7489070303926181,0.20910977452817037
6,0.777642766055297,0.0294476348882605,0.6181331462305358,0.1640009351812253,0.724551541707861,0.22830083633711673
7,0.8012307156994458,0.026974255499522704,0.6181331462305358,0.1640009351812253,0.724551541707861,0.22830083633711673
