seed,num_train,auc_test_mean,auc_test_std
42,264,0.798053972735893,0.0431091347371469
123,264,0.8499983565822816,0.036690171355074394
456,264,0.752561231376274,0.04802405217504454
789,264,0.8009510897492365,0.042221939043349144
1011,264,0.839931288622654,0.037595448959716476
full_data,2644,0.8570839822970797,0.03679848010901864
