round,AUC_Mean_Train,AUC_STD_Train,AUC_Mean_Val,AUC_STD_Val,AUC_Mean,AUC_STD
0,0.8126197399931284,0.07814865100208947,0.5345412177940442,0.18524072163305672,0.25625097143365994,0.10512040870906142
1,0.9928007541455668,0.005383669694170748,0.6723306224436748,0.15220767747709366,0.48181615721315774,0.1891799011209931
2,0.9694522475681131,0.012642795723602163,0.6881851692899997,0.1667810424462391,0.5104573288268845,0.19773706631733307
3,0.9630338870592933,0.012043639149463936,0.6215494700952049,0.16651596744017916,0.45484740115578,0.18129276799683605
