seed,num_train,auc_test_mean,auc_test_std
42,264,0.7426390065530182,0.05121447385736857
123,264,0.8006008962313138,0.047902607601827844
456,264,0.695927063252,0.054153359221375055
789,264,0.821260538689475,0.04081887600162352
1011,264,0.7482649573858893,0.05051067692134535
full_data,2644,0.8415217383084048,0.03991453062846497
