round,AUC_Mean_Train,AUC_STD_Train,AUC_Mean_Val,AUC_STD_Val,AUC_Mean,AUC_STD
0,1.0,1.928757664924112e-17,0.5866440886699507,0.20147897046261976,0.5209586040797853,0.25397605005390606
1,0.9820201476440011,0.022954230823328932,0.36315774010753726,0.1888640091389839,0.6073691526848349,0.24557350688131838
2,0.9626662394284424,0.02935954254050893,0.5372610193502689,0.1987041033309621,0.7246860149355059,0.2011944299902723
