{
  "AUC_Train_Mean": 0.5201916537845155,
  "AUC_Train_STD": 0.050847265202444765,
  "AUC_Val_Mean": 0.49306118969174306,
  "AUC_Val_STD": 0.09166554722852509
}