{
  "dropout": 0.1,
  "filters": 8,
  "kernel_size": 8,
  "lr": 4.8480298728891724e-05,
  "weight_decay": 0.0013340920378182822
}