seed,num_train,auc_test_mean,auc_test_std
42,264,0.5805543848497183,0.08002905402063666
123,264,0.49044764960409426,0.2885993967510179
456,264,0.2570977876974703,0.08782188226864539
789,264,0.5467320139760472,0.3078418183795246
1011,264,0.8066850529388564,0.09025512324163493
full_data,2644,0.4414792027427528,0.2208481445129279
