seed,num_train,auc_test_mean,auc_test_std
42,264,0.7776015575224758,0.06572457963037284
123,264,0.7899504417291542,0.0654019627982719
456,264,0.720161457419605,0.06842639794576841
789,264,0.7430910086844345,0.07161370454666677
1011,264,0.8113536724531416,0.05994851019980571
full_data,2644,0.8122152481023659,0.061751395547497256
