round,AUC_Mean_Train,AUC_STD_Train,AUC_Mean_Val,AUC_STD_Val,AUC_Mean,AUC_STD
0,1.0,6.14895662855676e-18,0.558111381493145,0.2082596555346799,0.6305522928595898,0.2515604791599957
1,0.9776079216068712,0.026840073453023187,0.6352496262366003,0.19800838901485687,0.29715900748788726,0.25819070480161294
2,0.990276053635298,0.016064743590270356,0.5749279113783121,0.1999484706414248,0.45622705916899137,0.22733476858494286
