round,AUC_Mean_Train,AUC_STD_Train,AUC_Mean_Val,AUC_STD_Val,AUC_Mean,AUC_STD
0,0.6297868837986518,0.06547108898596758,0.4584834416661726,0.17768119036914162,0.7063798421337225,0.19329749879888772
1,0.6655048975791981,0.05328895987539136,0.497364226581094,0.1704487430646438,0.7063798421337225,0.19329749879888772
2,0.6764401440173711,0.04648986182568944,0.47900625553236,0.17345756057248768,0.7518751419804633,0.1901513750252374
3,0.6539143720498921,0.04416184174162214,0.48897409020400995,0.17762620311439198,0.6626978527754581,0.21046309803281518
4,0.6541962652105592,0.039979450315294006,0.5542397044053672,0.182905138241265,0.6626978527754581,0.21046309803281518
5,0.6642801353122553,0.038236878514656694,0.5926729848316195,0.17808307776370522,0.6626978527754581,0.21046309803281518
6,0.6691187132600687,0.03527240944030219,0.5620213664440573,0.17797377602166684,0.6626978527754579,0.21046309803281518
7,0.6834768249403701,0.03351700756124196,0.5519308614188132,0.18063831296938923,0.6626978527754579,0.21046309803281518
