round,AUC_Mean_Train,AUC_STD_Train,AUC_Mean_Val,AUC_STD_Val,AUC_Mean,AUC_STD
0,0.5969257340241796,0.11864816839248458,0.7190719455087271,0.25292330397196383,0.5,0.0
1,0.5319495790973731,0.03800294477764175,0.7554278416347382,0.21357801966197854,0.5,0.0
2,0.5303197051314698,0.034497943797896585,0.7554278416347382,0.21357801966197854,0.5,0.0
