run,random,uncertainty
1,0.5742336072928149,0.6019947287238988
