round,AUC_Mean_Train,AUC_STD_Train,AUC_Mean_Val,AUC_STD_Val,AUC_Mean,AUC_STD
0,0.2519633507853403,0.21416745745941207,0.2445721583652618,0.21357801966197854,0.2956777996070727,0.15271630703937175
1,0.6598569959493316,0.0754049341976966,0.7554278416347382,0.21357801966197854,0.2956777996070727,0.15271630703937175
