round,AUC_Mean_Train,AUC_STD_Train,AUC_Mean_Val,AUC_STD_Val,AUC_Mean,AUC_STD
0,0.6651640811942968,0.10675704760010513,0.5439310841129381,0.16556268084217066,0.6821906941820471,0.23884110037579223
1,0.7215796738808609,0.06877158273844877,0.28514847384660935,0.17115575889481413,0.4945927998191477,0.2295675003145121
2,0.698534428205676,0.058590441762386314,0.4801123558640628,0.19650723873964296,0.28918701254662593,0.23213341499588475
3,0.7325976398795592,0.04621865660603849,0.5158826614610491,0.1889961259777043,0.3073602431817081,0.23156645434264764
