round,AUC_Mean_Train,AUC_STD_Train,AUC_Mean_Val,AUC_STD_Val,AUC_Mean,AUC_STD
0,0.7361301938519645,0.06037050579927774,0.7441786269286269,0.13337151880383669,0.7001686026922425,0.12382353680738617
1,0.7920857003713863,0.048359317513338336,0.826747138972139,0.12259838000683192,0.6787455122002181,0.13599108996682727
2,0.7910490189251518,0.042421211081977675,0.7927702491952492,0.13060940226232395,0.7106676602768147,0.13493107860538767
3,0.766917543475899,0.03940603009053345,0.7779894272394272,0.1317419800864497,0.673751634672517,0.1394703652221863
4,0.7584265147559888,0.036253964003212,0.7155149794649794,0.14224966657887428,0.7424823269296064,0.11756592101915182
5,0.7831317140556248,0.03400306369467409,0.7560986652236652,0.13531734683390836,0.7267070387210828,0.12734733134829074
6,0.7883489727511476,0.03026194216097265,0.7573116439116439,0.1303597609605099,0.6713807087030615,0.12921933156830023
