round,AUC_Mean_Train,AUC_STD_Train,AUC_Mean_Val,AUC_STD_Val,AUC_Mean,AUC_STD
0,0.977122526759785,0.030553833606396803,0.5674603174603174,0.27374323409011175,0.22899476422440934,0.2098829091300668
1,0.9906991511828249,0.01267031670120724,0.7544770044770044,0.2640402725585073,0.4350366172913146,0.21760809599863595
2,0.9753591316091428,0.025358713717846343,0.7544770044770044,0.2640402725585073,0.4424760579249097,0.2308646086857816
3,0.936647378957458,0.02742951804861327,0.8421855921855922,0.20191326773333884,0.24094467640918582,0.18740056270192113
4,0.948808614070337,0.023587161069179772,0.8421855921855922,0.20191326773333884,0.3110174967690625,0.19038897413359906
5,0.9440978141240062,0.023297959138547028,0.7442002442002442,0.2763935844666188,0.3011407694601849,0.21526557001651944
6,0.9011157615939905,0.03315624681749018,0.7442002442002442,0.2763935844666188,0.2986898134340723,0.20291920181333925
