round,AUC_Mean_Train,AUC_STD_Train,AUC_Mean_Val,AUC_STD_Val,AUC_Mean,AUC_STD
0,1.0,9.935105408202702e-18,0.7383620906870907,0.13088664061765395,0.8463332521032889,0.09356776153487338
1,0.9650323743031695,0.029889159018128404,0.802074580974581,0.11840263270760236,0.7386624117753163,0.12574870375872949
2,0.9733844503164608,0.020049175742584375,0.8030922605172606,0.12569236673934875,0.6315585789496452,0.14922222831754667
3,0.9582756125601642,0.02504741673280401,0.7396534132534133,0.13701867760017414,0.6806398318144274,0.1456273303903282
