round,AUC_Mean_Train,AUC_STD_Train,AUC_Mean_Val,AUC_STD_Val,AUC_Mean,AUC_STD
0,0.9721140787084871,0.0340349708368755,0.7450920944652139,0.14985805324579585,0.9166471981973026,0.11488858024659054
1,0.9110711960683252,0.05369793678924178,0.7026258428966554,0.16063006438454797,0.8852271597574312,0.1316556010414031
2,0.9316246489209831,0.043248978628022086,0.5769348449388569,0.1739242202819487,0.9731807336713391,0.05765089101051465
3,0.9057225722746592,0.04108013705017646,0.6098142189917516,0.1761849580899799,0.8935004307916625,0.12368507219625609
4,0.901130383873479,0.03214427826008658,0.5396787042223351,0.1858535178229866,0.8935004307916625,0.12368507219625609
5,0.8796177252819023,0.0397148401686923,0.48490449704090627,0.1802675879817657,0.8872788050502038,0.13133296540440262
6,0.8367897064420721,0.04619477454351231,0.6224188438330865,0.18435290304515792,0.9168451966729628,0.11028577271987183
