round,AUC_Mean_Train,AUC_STD_Train,AUC_Mean_Val,AUC_STD_Val,AUC_Mean,AUC_STD
0,0.6265042725266579,0.06950045026132542,0.7098834073859429,0.24203042054538224,0.5501325445317299,0.23886354997850348
1,0.7477777222492252,0.05207838877692565,0.6424558904021379,0.2655500100539271,0.44799243526331106,0.23724455810569542
2,0.756306979532357,0.044150721499941724,0.7974745645384591,0.17897356223441332,0.4301938867875732,0.22476177461422495
3,0.7690236442474486,0.03978218104414152,0.8633538587848933,0.13920153633963717,0.4301938867875732,0.22476177461422495
4,0.7702215294284529,0.035875225810300816,0.8844023068997715,0.13175557068926974,0.4301938867875732,0.22476177461422495
5,0.779129457699742,0.033859921885543015,0.8397176744260922,0.1742073995887602,0.4527624220088578,0.22769819447152048
6,0.7908730697956352,0.030553101279289438,0.7501250040245984,0.21308161821574217,0.5003895516115475,0.23349730967203894
