round,AUC_Mean_Train,AUC_STD_Train,AUC_Mean_Val,AUC_STD_Val,AUC_Mean,AUC_STD
0,0.6096661043145942,0.06773821120957946,0.6695804195804196,0.3709001199115964,0.2246376811594203,0.2902010506336761
1,0.6516285387434921,0.05651688236756391,0.6695804195804196,0.3709001199115964,0.3316170861937453,0.3592850704184412
2,0.6601219300949857,0.04748955433242088,0.6695804195804196,0.3709001199115964,0.2246376811594203,0.2902010506336761
3,0.6696606367373228,0.04335448082811935,0.3548951048951049,0.38230633343622894,0.2246376811594203,0.2902010506336761
4,0.657976639519293,0.04018624156574137,0.3548951048951049,0.38230633343622894,0.12090007627765063,0.21298051779961819
5,0.6634150132137324,0.03694387829424598,0.3548951048951049,0.38230633343622894,0.12090007627765063,0.21298051779961819
6,0.6682425162681307,0.03576513766644724,0.3548951048951049,0.38230633343622894,0.12090007627765063,0.21298051779961819
7,0.6766966233208879,0.033910272112160196,0.0,0.0,0.0,0.0
