seed,num_train,auc_test_mean,auc_test_std
42,264,0.6791032632521922,0.11954940917581215
123,264,0.6470662421585769,0.11870822044419593
456,264,0.8306116787827309,0.09814788352319154
789,264,0.7062273885894366,0.12236157385042461
1011,264,0.6139019750119755,0.12796388588855875
full_data,2644,0.6584701127315847,0.1344253075231318
