round,AUC_Mean_Train,AUC_STD_Train,AUC_Mean_Val,AUC_STD_Val,AUC_Mean,AUC_STD
0,1.0,1.612093429724558e-17,0.8211147562308005,0.13513414637026394,0.5060140739679355,0.20166281566209543
1,0.9548028279556773,0.05540513477341328,0.5466127385526982,0.21397441275107576,0.638570075305281,0.20957689571252955
2,0.9809074907749886,0.02278475774854867,0.5445424677072003,0.2177468040051958,0.6855905016637213,0.1937246438477863
