seed,num_train,auc_test_mean,auc_test_std
42,264,0.7673253326394052,0.053239012350432165
123,264,0.7495244671200849,0.05655012338499
456,264,0.7495621329447283,0.053035124979983604
789,264,0.7469880155945168,0.0569143221790061
1011,264,0.8281657818847218,0.046596699560623206
full_data,2644,0.790418056215311,0.05138055916464528
