seed,num_train,auc_test_mean,auc_test_std
42,264,0.851343129040002,0.07076354616103263
123,264,0.9059012830848858,0.048809728318559904
456,264,0.786949876301816,0.08132522279262756
789,264,0.8304106865636965,0.0803451214096448
1011,264,0.8689751542299968,0.07165292885650719
full_data,2644,0.9185556439858329,0.04635625980847234
